,Location,coordinates
291,1134 Jackson St San Francisco,"(37.7952005899311, -122.413819464256)"
292,1136 Kearny St San Francisco,"(37.7985607692308, -122.405456230769)"
293,1139 Broadway St San+francisco,
294,1140 Hyde St San Francisco,"(37.7914021666667, -122.417372166667)"
295,1142 Hyde St San Francisco,"(37.791416875, -122.417375125)"
296,1142 Kearny St San Francisco,"(37.7985732307692, -122.405458769231)"
297,1384 17th Ave San Francisco,"(37.7621861428571, -122.474778714286)"
298,1144 Judah St San Francisco,"(37.7616818367347, -122.474262908163)"
299,1392 17th Ave - San Francisco,"(37.7620574897959, -122.474769734694)"
300,1149 Capp St San Francisco,"(37.7485131, -122.417147006697)"
