,Location,coordinates
31,837 Washington St San Francisco,"(37.7949764444444, -122.407142444444)"
32,1999 Hyde St San Francisco,"(37.798828, -122.419079)"
33,1 California St #1200 San+francisco,
34,260 Townsend St San Francisco,"(37.7771003, -122.3945449)"
35,260 Townsend St 5th Fl San Francisco,
36,Pier 39 204 San+francisco,
37,240 California St San Francisco,"(37.7933756938776, -122.399307102041)"
38,120 Powell St San Francisco,"(37.785955, -122.407816)"
39,807 Grant Ave San Francisco,"(37.7944119387755, -122.406438591837)"
40,2275 Jennings St San Francisco,"(37.7259468367347, -122.38953244898)"
31,837 Washington St San Francisco,"(37.7949764444444, -122.407142444444)"
32,1999 Hyde St San Francisco,"(37.798828, -122.419079)"
33,1 California St #1200 San+francisco,
34,260 Townsend St San Francisco,"(37.7771003, -122.3945449)"
35,260 Townsend St 5th Fl San Francisco,
36,Pier 39 204 San+francisco,
37,240 California St San Francisco,"(37.7933756938776, -122.399307102041)"
38,120 Powell St San Francisco,"(37.785955, -122.407816)"
39,807 Grant Ave San Francisco,"(37.7944119387755, -122.406438591837)"
40,2275 Jennings St San Francisco,"(37.7259468367347, -122.38953244898)"
